{
  "Общий чат": [
    {
      "id": 1751660166462,
      "username": "Daniil",
      "text": "awdawd",
      "time": "23:16"
    },
    {
      "id": 1751660265207,
      "username": "Игрок",
      "text": "dawdawd",
      "time": "23:17"
    },
    {
      "id": 1751660279544,
      "username": "Игрок1",
      "text": "dwdawd",
      "time": "23:17"
    },
    {
      "id": 1751660337090,
      "username": "Игрок",
      "text": "[a[aa[",
      "time": "23:18"
    },
    {
      "id": 1751660345792,
      "username": "Игрок",
      "text": "привет лохи",
      "time": "23:19"
    }
  ],
  "Общий чат1": [
    {
      "id": 1751660384447,
      "username": "Игрок",
      "text": "ываываываываываываываываываыва",
      "time": "23:19"
    }
  ]
}